﻿colon_normal_1024,colon_normal_1081,colon_normal_1114,colon_normal_1122,colon_normal_1357,colon_normal_1431,colon_normal_1440,colon_normal_1456,colon_adenoma_1115,colon_adenoma_1138,colon_adenoma_1141,colon_adenoma_1154,colon_adenoma_1187,colon_adenoma_1312,colon_adenoma_1419,colon_adenoma_1700,colon_adenoma_1748,colon_adenoma_1830,colon_adenoma_1832,colon_adenoma_956,colon_adenoma_980,colon_adenoma_983,colon_adenoma_995,colon_CRC_1146,colon_CRC_1158,colon_CRC_1293,colon_CRC_1316,colon_CRC_1377,colon_CRC_1479,colon_CRC_1486,colon_CRC_1494,colon_CRC_1499,colon_CRC_1556,colon_CRC_1651,colon_CRC_1708,colon_CRC_1739,colon_CRC_1761,colon_CRC_1883,colon_IBD_1110,colon_IBD_1118,colon_IBD_1537,colon_IBD_1670,colon_IBD_1802,colon_IBD_923,colon_IBD_1017,colon_IBD_1060,colon_IBD_1156,colon_IBD_1175,colon_IBD_1368,colon_IBD_1533,colon_IBD_1606,colon_IBD_1665,colon_IBD_939
GSM95473,GSM95474,GSM95475,GSM95476,GSM95477,GSM95478,GSM95479,GSM95480,GSM95481,GSM95482,GSM95483,GSM95484,GSM95485,GSM95486,GSM95487,GSM95488,GSM95489,GSM95490,GSM95491,GSM95492,GSM95493,GSM95494,GSM95495,GSM95496,GSM95497,GSM95498,GSM95499,GSM95500,GSM95501,GSM95502,GSM95503,GSM95504,GSM95505,GSM95506,GSM95507,GSM95508,GSM95509,GSM95510,GSM95511,GSM95512,GSM95513,GSM95514,GSM95515,GSM95516,GSM95517,GSM95518,GSM95519,GSM95520,GSM95521,GSM95522,GSM95523,GSM95524,GSM95525
Public on Oct 31 2007,Public on Oct 31 2007,Public on Oct 31 2007,Public on Oct 31 2007,Public on Oct 31 2007,Public on Oct 31 2007,Public on Oct 31 2007,Public on Oct 31 2007,Public on Oct 31 2007,Public on Oct 31 2007,Public on Oct 31 2007,Public on Oct 31 2007,Public on Oct 31 2007,Public on Oct 31 2007,Public on Oct 31 2007,Public on Oct 31 2007,Public on Oct 31 2007,Public on Oct 31 2007,Public on Oct 31 2007,Public on Oct 31 2007,Public on Oct 31 2007,Public on Oct 31 2007,Public on Oct 31 2007,Public on Oct 31 2007,Public on Oct 31 2007,Public on Oct 31 2007,Public on Oct 31 2007,Public on Oct 31 2007,Public on Oct 31 2007,Public on Oct 31 2007,Public on Oct 31 2007,Public on Oct 31 2007,Public on Oct 31 2007,Public on Oct 31 2007,Public on Oct 31 2007,Public on Oct 31 2007,Public on Oct 31 2007,Public on Oct 31 2007,Public on Oct 31 2007,Public on Oct 31 2007,Public on Oct 31 2007,Public on Oct 31 2007,Public on Oct 31 2007,Public on Oct 31 2007,Public on Oct 31 2007,Public on Oct 31 2007,Public on Oct 31 2007,Public on Oct 31 2007,Public on Oct 31 2007,Public on Oct 31 2007,Public on Oct 31 2007,Public on Oct 31 2007,Public on Oct 31 2007
Feb 03 2006,Feb 03 2006,Feb 03 2006,Feb 03 2006,Feb 03 2006,Feb 03 2006,Feb 03 2006,Feb 03 2006,Feb 03 2006,Feb 03 2006,Feb 03 2006,Feb 03 2006,Feb 03 2006,Feb 03 2006,Feb 03 2006,Feb 03 2006,Feb 03 2006,Feb 03 2006,Feb 03 2006,Feb 03 2006,Feb 03 2006,Feb 03 2006,Feb 03 2006,Feb 03 2006,Feb 03 2006,Feb 03 2006,Feb 03 2006,Feb 03 2006,Feb 03 2006,Feb 03 2006,Feb 03 2006,Feb 03 2006,Feb 03 2006,Feb 03 2006,Feb 03 2006,Feb 03 2006,Feb 03 2006,Feb 03 2006,Feb 03 2006,Feb 03 2006,Feb 03 2006,Feb 03 2006,Feb 03 2006,Feb 03 2006,Feb 03 2006,Feb 03 2006,Feb 03 2006,Feb 03 2006,Feb 03 2006,Feb 03 2006,Feb 03 2006,Feb 03 2006,Feb 03 2006
Aug 28 2018,Aug 28 2018,Aug 28 2018,Aug 28 2018,Aug 28 2018,Aug 28 2018,Aug 28 2018,Aug 28 2018,Aug 28 2018,Aug 28 2018,Aug 28 2018,Aug 28 2018,Aug 28 2018,Aug 28 2018,Aug 28 2018,Aug 28 2018,Aug 28 2018,Aug 28 2018,Aug 28 2018,Aug 28 2018,Aug 28 2018,Aug 28 2018,Aug 28 2018,Aug 28 2018,Aug 28 2018,Aug 28 2018,Aug 28 2018,Aug 28 2018,Aug 28 2018,Aug 28 2018,Aug 28 2018,Aug 28 2018,Aug 28 2018,Aug 28 2018,Aug 28 2018,Aug 28 2018,Aug 28 2018,Aug 28 2018,Aug 28 2018,Aug 28 2018,Aug 28 2018,Aug 28 2018,Aug 28 2018,Aug 28 2018,Aug 28 2018,Aug 28 2018,Aug 28 2018,Aug 28 2018,Aug 28 2018,Aug 28 2018,Aug 28 2018,Aug 28 2018,Aug 28 2018
RNA,RNA,RNA,RNA,RNA,RNA,RNA,RNA,RNA,RNA,RNA,RNA,RNA,RNA,RNA,RNA,RNA,RNA,RNA,RNA,RNA,RNA,RNA,RNA,RNA,RNA,RNA,RNA,RNA,RNA,RNA,RNA,RNA,RNA,RNA,RNA,RNA,RNA,RNA,RNA,RNA,RNA,RNA,RNA,RNA,RNA,RNA,RNA,RNA,RNA,RNA,RNA,RNA
1,1,1,1,1,1,1,1,1,1,1,1,1,1,1,1,1,1,1,1,1,1,1,1,1,1,1,1,1,1,1,1,1,1,1,1,1,1,1,1,1,1,1,1,1,1,1,1,1,1,1,1,1
colon biopsy,colon biopsy,colon biopsy,colon biopsy,colon biopsy,colon biopsy,colon biopsy,colon biopsy,colon biopsy,colon biopsy,colon biopsy,colon biopsy,colon biopsy,colon biopsy,colon biopsy,colon biopsy,colon biopsy,colon biopsy,colon biopsy,colon biopsy,colon biopsy,colon biopsy,colon biopsy,colon biopsy,colon biopsy,colon biopsy,colon biopsy,colon biopsy,colon biopsy,colon biopsy,colon biopsy,colon biopsy,colon biopsy,colon biopsy,colon biopsy,colon biopsy,colon biopsy,colon biopsy,colon biopsy,colon biopsy,colon biopsy,colon biopsy,colon biopsy,colon biopsy,colon biopsy,colon biopsy,colon biopsy,colon biopsy,colon biopsy,colon biopsy,colon biopsy,colon biopsy,colon biopsy
Homo sapiens,Homo sapiens,Homo sapiens,Homo sapiens,Homo sapiens,Homo sapiens,Homo sapiens,Homo sapiens,Homo sapiens,Homo sapiens,Homo sapiens,Homo sapiens,Homo sapiens,Homo sapiens,Homo sapiens,Homo sapiens,Homo sapiens,Homo sapiens,Homo sapiens,Homo sapiens,Homo sapiens,Homo sapiens,Homo sapiens,Homo sapiens,Homo sapiens,Homo sapiens,Homo sapiens,Homo sapiens,Homo sapiens,Homo sapiens,Homo sapiens,Homo sapiens,Homo sapiens,Homo sapiens,Homo sapiens,Homo sapiens,Homo sapiens,Homo sapiens,Homo sapiens,Homo sapiens,Homo sapiens,Homo sapiens,Homo sapiens,Homo sapiens,Homo sapiens,Homo sapiens,Homo sapiens,Homo sapiens,Homo sapiens,Homo sapiens,Homo sapiens,Homo sapiens,Homo sapiens
biopsy specimen,biopsy specimen,biopsy specimen,biopsy specimen,biopsy specimen,biopsy specimen,biopsy specimen,biopsy specimen,biopsy specimen,biopsy specimen,biopsy specimen,biopsy specimen,biopsy specimen,biopsy specimen,biopsy specimen,biopsy specimen,biopsy specimen,biopsy specimen,biopsy specimen,biopsy specimen,biopsy specimen,biopsy specimen,biopsy specimen,biopsy specimen,biopsy specimen,biopsy specimen,biopsy specimen,biopsy specimen,biopsy specimen,biopsy specimen,biopsy specimen,biopsy specimen,biopsy specimen,biopsy specimen,biopsy specimen,biopsy specimen,biopsy specimen,biopsy specimen,biopsy specimen,biopsy specimen,biopsy specimen,biopsy specimen,biopsy specimen,biopsy specimen,biopsy specimen,biopsy specimen,biopsy specimen,biopsy specimen,biopsy specimen,biopsy specimen,biopsy specimen,biopsy specimen,biopsy specimen
total RNA,total RNA,total RNA,total RNA,total RNA,total RNA,total RNA,total RNA,total RNA,total RNA,total RNA,total RNA,total RNA,total RNA,total RNA,total RNA,total RNA,total RNA,total RNA,total RNA,total RNA,total RNA,total RNA,total RNA,total RNA,total RNA,total RNA,total RNA,total RNA,total RNA,total RNA,total RNA,total RNA,total RNA,total RNA,total RNA,total RNA,total RNA,total RNA,total RNA,total RNA,total RNA,total RNA,total RNA,total RNA,total RNA,total RNA,total RNA,total RNA,total RNA,total RNA,total RNA,total RNA
Qiagen Rneasy,Qiagen Rneasy,Qiagen Rneasy,Qiagen Rneasy,Qiagen Rneasy,Qiagen Rneasy,Qiagen Rneasy,Qiagen Rneasy,Qiagen Rneasy,Qiagen Rneasy,Qiagen Rneasy,Qiagen Rneasy,Qiagen Rneasy,Qiagen Rneasy,Qiagen Rneasy,Qiagen Rneasy,Qiagen Rneasy,Qiagen Rneasy,Qiagen Rneasy,Qiagen Rneasy,Qiagen Rneasy,Qiagen Rneasy,Qiagen Rneasy,Qiagen Rneasy,Qiagen Rneasy,Qiagen Rneasy,Qiagen Rneasy,Qiagen Rneasy,Qiagen Rneasy,Qiagen Rneasy,Qiagen Rneasy,Qiagen Rneasy,Qiagen Rneasy,Qiagen Rneasy,Qiagen Rneasy,Qiagen Rneasy,Qiagen Rneasy,Qiagen Rneasy,Qiagen Rneasy,Qiagen Rneasy,Qiagen Rneasy,Qiagen Rneasy,Qiagen Rneasy,Qiagen Rneasy,Qiagen Rneasy,Qiagen Rneasy,Qiagen Rneasy,Qiagen Rneasy,Qiagen Rneasy,Qiagen Rneasy,Qiagen Rneasy,Qiagen Rneasy,Qiagen Rneasy
standard Affymetrix procedure,standard Affymetrix procedure,standard Affymetrix procedure,standard Affymetrix procedure,standard Affymetrix procedure,standard Affymetrix procedure,standard Affymetrix procedure,standard Affymetrix procedure,standard Affymetrix procedure,standard Affymetrix procedure,standard Affymetrix procedure,standard Affymetrix procedure,standard Affymetrix procedure,standard Affymetrix procedure,standard Affymetrix procedure,standard Affymetrix procedure,standard Affymetrix procedure,standard Affymetrix procedure,standard Affymetrix procedure,standard Affymetrix procedure,standard Affymetrix procedure,standard Affymetrix procedure,standard Affymetrix procedure,standard Affymetrix procedure,standard Affymetrix procedure,standard Affymetrix procedure,standard Affymetrix procedure,standard Affymetrix procedure,standard Affymetrix procedure,standard Affymetrix procedure,standard Affymetrix procedure,standard Affymetrix procedure,standard Affymetrix procedure,standard Affymetrix procedure,standard Affymetrix procedure,standard Affymetrix procedure,standard Affymetrix procedure,standard Affymetrix procedure,standard Affymetrix procedure,standard Affymetrix procedure,standard Affymetrix procedure,standard Affymetrix procedure,standard Affymetrix procedure,standard Affymetrix procedure,standard Affymetrix procedure,standard Affymetrix procedure,standard Affymetrix procedure,standard Affymetrix procedure,standard Affymetrix procedure,standard Affymetrix procedure,standard Affymetrix procedure,standard Affymetrix procedure,standard Affymetrix procedure
standard Affymetrix procedure,standard Affymetrix procedure,standard Affymetrix procedure,standard Affymetrix procedure,standard Affymetrix procedure,standard Affymetrix procedure,standard Affymetrix procedure,standard Affymetrix procedure,standard Affymetrix procedure,standard Affymetrix procedure,standard Affymetrix procedure,standard Affymetrix procedure,standard Affymetrix procedure,standard Affymetrix procedure,standard Affymetrix procedure,standard Affymetrix procedure,standard Affymetrix procedure,standard Affymetrix procedure,standard Affymetrix procedure,standard Affymetrix procedure,standard Affymetrix procedure,standard Affymetrix procedure,standard Affymetrix procedure,standard Affymetrix procedure,standard Affymetrix procedure,standard Affymetrix procedure,standard Affymetrix procedure,standard Affymetrix procedure,standard Affymetrix procedure,standard Affymetrix procedure,standard Affymetrix procedure,standard Affymetrix procedure,standard Affymetrix procedure,standard Affymetrix procedure,standard Affymetrix procedure,standard Affymetrix procedure,standard Affymetrix procedure,standard Affymetrix procedure,standard Affymetrix procedure,standard Affymetrix procedure,standard Affymetrix procedure,standard Affymetrix procedure,standard Affymetrix procedure,standard Affymetrix procedure,standard Affymetrix procedure,standard Affymetrix procedure,standard Affymetrix procedure,standard Affymetrix procedure,standard Affymetrix procedure,standard Affymetrix procedure,standard Affymetrix procedure,standard Affymetrix procedure,standard Affymetrix procedure
9606,9606,9606,9606,9606,9606,9606,9606,9606,9606,9606,9606,9606,9606,9606,9606,9606,9606,9606,9606,9606,9606,9606,9606,9606,9606,9606,9606,9606,9606,9606,9606,9606,9606,9606,9606,9606,9606,9606,9606,9606,9606,9606,9606,9606,9606,9606,9606,9606,9606,9606,9606,9606
standard Affymetrix procedure,standard Affymetrix procedure,standard Affymetrix procedure,standard Affymetrix procedure,standard Affymetrix procedure,standard Affymetrix procedure,standard Affymetrix procedure,standard Affymetrix procedure,standard Affymetrix procedure,standard Affymetrix procedure,standard Affymetrix procedure,standard Affymetrix procedure,standard Affymetrix procedure,standard Affymetrix procedure,standard Affymetrix procedure,standard Affymetrix procedure,standard Affymetrix procedure,standard Affymetrix procedure,standard Affymetrix procedure,standard Affymetrix procedure,standard Affymetrix procedure,standard Affymetrix procedure,standard Affymetrix procedure,standard Affymetrix procedure,standard Affymetrix procedure,standard Affymetrix procedure,standard Affymetrix procedure,standard Affymetrix procedure,standard Affymetrix procedure,standard Affymetrix procedure,standard Affymetrix procedure,standard Affymetrix procedure,standard Affymetrix procedure,standard Affymetrix procedure,standard Affymetrix procedure,standard Affymetrix procedure,standard Affymetrix procedure,standard Affymetrix procedure,standard Affymetrix procedure,standard Affymetrix procedure,standard Affymetrix procedure,standard Affymetrix procedure,standard Affymetrix procedure,standard Affymetrix procedure,standard Affymetrix procedure,standard Affymetrix procedure,standard Affymetrix procedure,standard Affymetrix procedure,standard Affymetrix procedure,standard Affymetrix procedure,standard Affymetrix procedure,standard Affymetrix procedure,standard Affymetrix procedure
standard Affymetrix procedure,standard Affymetrix procedure,standard Affymetrix procedure,standard Affymetrix procedure,standard Affymetrix procedure,standard Affymetrix procedure,standard Affymetrix procedure,standard Affymetrix procedure,standard Affymetrix procedure,standard Affymetrix procedure,standard Affymetrix procedure,standard Affymetrix procedure,standard Affymetrix procedure,standard Affymetrix procedure,standard Affymetrix procedure,standard Affymetrix procedure,standard Affymetrix procedure,standard Affymetrix procedure,standard Affymetrix procedure,standard Affymetrix procedure,standard Affymetrix procedure,standard Affymetrix procedure,standard Affymetrix procedure,standard Affymetrix procedure,standard Affymetrix procedure,standard Affymetrix procedure,standard Affymetrix procedure,standard Affymetrix procedure,standard Affymetrix procedure,standard Affymetrix procedure,standard Affymetrix procedure,standard Affymetrix procedure,standard Affymetrix procedure,standard Affymetrix procedure,standard Affymetrix procedure,standard Affymetrix procedure,standard Affymetrix procedure,standard Affymetrix procedure,standard Affymetrix procedure,standard Affymetrix procedure,standard Affymetrix procedure,standard Affymetrix procedure,standard Affymetrix procedure,standard Affymetrix procedure,standard Affymetrix procedure,standard Affymetrix procedure,standard Affymetrix procedure,standard Affymetrix procedure,standard Affymetrix procedure,standard Affymetrix procedure,standard Affymetrix procedure,standard Affymetrix procedure,standard Affymetrix procedure
total RNA extracted from cells obtained using biopsy of the colon in a healthy control,total RNA extracted from cells obtained using biopsy of the colon in a healthy control,total RNA extracted from cells obtained using biopsy of the colon in a healthy control,total RNA extracted from cells obtained using biopsy of the colon in a healthy control,total RNA extracted from cells obtained using biopsy of the colon in a healthy control,total RNA extracted from cells obtained using biopsy of the colon in a healthy control,total RNA extracted from cells obtained using biopsy of the colon in a healthy control,total RNA extracted from cells obtained using biopsy of the colon in a healthy control,total RNA extracted from cells obtained using biopsy in a patient having colon adenoma,total RNA extracted from cells obtained using biopsy in a patient having colon adenoma,total RNA extracted from cells obtained using biopsy in a patient having colon adenoma,total RNA extracted from cells obtained using biopsy in a patient having colon adenoma,total RNA extracted from cells obtained using biopsy in a patient having colon adenoma,total RNA extracted from cells obtained using biopsy in a patient having colon adenoma,total RNA extracted from cells obtained using biopsy in a patient having colon adenoma,total RNA extracted from cells obtained using biopsy in a patient having colon adenoma,total RNA extracted from cells obtained using biopsy in a patient having colon adenoma,total RNA extracted from cells obtained using biopsy in a patient having colon adenoma,total RNA extracted from cells obtained using biopsy in a patient having colon adenoma,total RNA extracted from cells obtained using biopsy in a patient having colon adenoma,total RNA extracted from cells obtained using biopsy in a patient having colon adenoma,total RNA extracted from cells obtained using biopsy in a patient having colon adenoma,total RNA extracted from cells obtained using biopsy in a patient having colon adenoma,total RNA extracted from cells obtained using biopsy in a patient having colorectal cancer,total RNA extracted from cells obtained using biopsy in a patient having colorectal cancer,total RNA extracted from cells obtained using biopsy in a patient having colorectal cancer,total RNA extracted from cells obtained using biopsy in a patient having colorectal cancer,total RNA extracted from cells obtained using biopsy in a patient having colorectal cancer,total RNA extracted from cells obtained using biopsy in a patient having colorectal cancer,total RNA extracted from cells obtained using biopsy in a patient having colorectal cancer,total RNA extracted from cells obtained using biopsy in a patient having colorectal cancer,total RNA extracted from cells obtained using biopsy in a patient having colorectal cancer,total RNA extracted from cells obtained using biopsy in a patient having colorectal cancer,total RNA extracted from cells obtained using biopsy in a patient having colorectal cancer,total RNA extracted from cells obtained using biopsy in a patient having colorectal cancer,total RNA extracted from cells obtained using biopsy in a patient having colorectal cancer,total RNA extracted from cells obtained using biopsy in a patient having colorectal cancer,total RNA extracted from cells obtained using biopsy in a patient having colorectal cancer,total RNA extracted from cells obtained using biopsy in a patient having inflammatory bowel disease,total RNA extracted from cells obtained using biopsy in a patient having inflammatory bowel disease,total RNA extracted from cells obtained using biopsy in a patient having inflammatory bowel disease,total RNA extracted from cells obtained using biopsy in a patient having inflammatory bowel disease,total RNA extracted from cells obtained using biopsy in a patient having inflammatory bowel disease,total RNA extracted from cells obtained using biopsy in a patient having inflammatory bowel disease,total RNA extracted from cells obtained using biopsy in a patient having inflammatory bowel disease,total RNA extracted from cells obtained using biopsy in a patient having inflammatory bowel disease,total RNA extracted from cells obtained using biopsy in a patient having inflammatory bowel disease,total RNA extracted from cells obtained using biopsy in a patient having inflammatory bowel disease,total RNA extracted from cells obtained using biopsy in a patient having inflammatory bowel disease,total RNA extracted from cells obtained using biopsy in a patient having inflammatory bowel disease,total RNA extracted from cells obtained using biopsy in a patient having inflammatory bowel disease,total RNA extracted from cells obtained using biopsy in a patient having inflammatory bowel disease,total RNA extracted from cells obtained using biopsy in a patient having inflammatory bowel disease
Affymetrix Microarray Suite version 5.0,Affymetrix Microarray Suite version 5.0,Affymetrix Microarray Suite version 5.0,Affymetrix Microarray Suite version 5.0,Affymetrix Microarray Suite version 5.0,Affymetrix Microarray Suite version 5.0,Affymetrix Microarray Suite version 5.0,Affymetrix Microarray Suite version 5.0,Affymetrix Microarray Suite version 5.0,Affymetrix Microarray Suite version 5.0,Affymetrix Microarray Suite version 5.0,Affymetrix Microarray Suite version 5.0,Affymetrix Microarray Suite version 5.0,Affymetrix Microarray Suite version 5.0,Affymetrix Microarray Suite version 5.0,Affymetrix Microarray Suite version 5.0,Affymetrix Microarray Suite version 5.0,Affymetrix Microarray Suite version 5.0,Affymetrix Microarray Suite version 5.0,Affymetrix Microarray Suite version 5.0,Affymetrix Microarray Suite version 5.0,Affymetrix Microarray Suite version 5.0,Affymetrix Microarray Suite version 5.0,Affymetrix Microarray Suite version 5.0,Affymetrix Microarray Suite version 5.0,Affymetrix Microarray Suite version 5.0,Affymetrix Microarray Suite version 5.0,Affymetrix Microarray Suite version 5.0,Affymetrix Microarray Suite version 5.0,Affymetrix Microarray Suite version 5.0,Affymetrix Microarray Suite version 5.0,Affymetrix Microarray Suite version 5.0,Affymetrix Microarray Suite version 5.0,Affymetrix Microarray Suite version 5.0,Affymetrix Microarray Suite version 5.0,Affymetrix Microarray Suite version 5.0,Affymetrix Microarray Suite version 5.0,Affymetrix Microarray Suite version 5.0,Affymetrix Microarray Suite version 5.0,Affymetrix Microarray Suite version 5.0,Affymetrix Microarray Suite version 5.0,Affymetrix Microarray Suite version 5.0,Affymetrix Microarray Suite version 5.0,Affymetrix Microarray Suite version 5.0,Affymetrix Microarray Suite version 5.0,Affymetrix Microarray Suite version 5.0,Affymetrix Microarray Suite version 5.0,Affymetrix Microarray Suite version 5.0,Affymetrix Microarray Suite version 5.0,Affymetrix Microarray Suite version 5.0,Affymetrix Microarray Suite version 5.0,Affymetrix Microarray Suite version 5.0,Affymetrix Microarray Suite version 5.0
GPL570,GPL570,GPL570,GPL570,GPL570,GPL570,GPL570,GPL570,GPL570,GPL570,GPL570,GPL570,GPL570,GPL570,GPL570,GPL570,GPL570,GPL570,GPL570,GPL570,GPL570,GPL570,GPL570,GPL570,GPL570,GPL570,GPL570,GPL570,GPL570,GPL570,GPL570,GPL570,GPL570,GPL570,GPL570,GPL570,GPL570,GPL570,GPL570,GPL570,GPL570,GPL570,GPL570,GPL570,GPL570,GPL570,GPL570,GPL570,GPL570,GPL570,GPL570,GPL570,GPL570
"Balazs,,Gy枚rffy","Balazs,,Gy枚rffy","Balazs,,Gy枚rffy","Balazs,,Gy枚rffy","Balazs,,Gy枚rffy","Balazs,,Gy枚rffy","Balazs,,Gy枚rffy","Balazs,,Gy枚rffy","Balazs,,Gy枚rffy","Balazs,,Gy枚rffy","Balazs,,Gy枚rffy","Balazs,,Gy枚rffy","Balazs,,Gy枚rffy","Balazs,,Gy枚rffy","Balazs,,Gy枚rffy","Balazs,,Gy枚rffy","Balazs,,Gy枚rffy","Balazs,,Gy枚rffy","Balazs,,Gy枚rffy","Balazs,,Gy枚rffy","Balazs,,Gy枚rffy","Balazs,,Gy枚rffy","Balazs,,Gy枚rffy","Balazs,,Gy枚rffy","Balazs,,Gy枚rffy","Balazs,,Gy枚rffy","Balazs,,Gy枚rffy","Balazs,,Gy枚rffy","Balazs,,Gy枚rffy","Balazs,,Gy枚rffy","Balazs,,Gy枚rffy","Balazs,,Gy枚rffy","Balazs,,Gy枚rffy","Balazs,,Gy枚rffy","Balazs,,Gy枚rffy","Balazs,,Gy枚rffy","Balazs,,Gy枚rffy","Balazs,,Gy枚rffy","Balazs,,Gy枚rffy","Balazs,,Gy枚rffy","Balazs,,Gy枚rffy","Balazs,,Gy枚rffy","Balazs,,Gy枚rffy","Balazs,,Gy枚rffy","Balazs,,Gy枚rffy","Balazs,,Gy枚rffy","Balazs,,Gy枚rffy","Balazs,,Gy枚rffy","Balazs,,Gy枚rffy","Balazs,,Gy枚rffy","Balazs,,Gy枚rffy","Balazs,,Gy枚rffy","Balazs,,Gy枚rffy"
zsalab2@yahoo.com,zsalab2@yahoo.com,zsalab2@yahoo.com,zsalab2@yahoo.com,zsalab2@yahoo.com,zsalab2@yahoo.com,zsalab2@yahoo.com,zsalab2@yahoo.com,zsalab2@yahoo.com,zsalab2@yahoo.com,zsalab2@yahoo.com,zsalab2@yahoo.com,zsalab2@yahoo.com,zsalab2@yahoo.com,zsalab2@yahoo.com,zsalab2@yahoo.com,zsalab2@yahoo.com,zsalab2@yahoo.com,zsalab2@yahoo.com,zsalab2@yahoo.com,zsalab2@yahoo.com,zsalab2@yahoo.com,zsalab2@yahoo.com,zsalab2@yahoo.com,zsalab2@yahoo.com,zsalab2@yahoo.com,zsalab2@yahoo.com,zsalab2@yahoo.com,zsalab2@yahoo.com,zsalab2@yahoo.com,zsalab2@yahoo.com,zsalab2@yahoo.com,zsalab2@yahoo.com,zsalab2@yahoo.com,zsalab2@yahoo.com,zsalab2@yahoo.com,zsalab2@yahoo.com,zsalab2@yahoo.com,zsalab2@yahoo.com,zsalab2@yahoo.com,zsalab2@yahoo.com,zsalab2@yahoo.com,zsalab2@yahoo.com,zsalab2@yahoo.com,zsalab2@yahoo.com,zsalab2@yahoo.com,zsalab2@yahoo.com,zsalab2@yahoo.com,zsalab2@yahoo.com,zsalab2@yahoo.com,zsalab2@yahoo.com,zsalab2@yahoo.com,zsalab2@yahoo.com
Hungarian Academy of Sciences,Hungarian Academy of Sciences,Hungarian Academy of Sciences,Hungarian Academy of Sciences,Hungarian Academy of Sciences,Hungarian Academy of Sciences,Hungarian Academy of Sciences,Hungarian Academy of Sciences,Hungarian Academy of Sciences,Hungarian Academy of Sciences,Hungarian Academy of Sciences,Hungarian Academy of Sciences,Hungarian Academy of Sciences,Hungarian Academy of Sciences,Hungarian Academy of Sciences,Hungarian Academy of Sciences,Hungarian Academy of Sciences,Hungarian Academy of Sciences,Hungarian Academy of Sciences,Hungarian Academy of Sciences,Hungarian Academy of Sciences,Hungarian Academy of Sciences,Hungarian Academy of Sciences,Hungarian Academy of Sciences,Hungarian Academy of Sciences,Hungarian Academy of Sciences,Hungarian Academy of Sciences,Hungarian Academy of Sciences,Hungarian Academy of Sciences,Hungarian Academy of Sciences,Hungarian Academy of Sciences,Hungarian Academy of Sciences,Hungarian Academy of Sciences,Hungarian Academy of Sciences,Hungarian Academy of Sciences,Hungarian Academy of Sciences,Hungarian Academy of Sciences,Hungarian Academy of Sciences,Hungarian Academy of Sciences,Hungarian Academy of Sciences,Hungarian Academy of Sciences,Hungarian Academy of Sciences,Hungarian Academy of Sciences,Hungarian Academy of Sciences,Hungarian Academy of Sciences,Hungarian Academy of Sciences,Hungarian Academy of Sciences,Hungarian Academy of Sciences,Hungarian Academy of Sciences,Hungarian Academy of Sciences,Hungarian Academy of Sciences,Hungarian Academy of Sciences,Hungarian Academy of Sciences
B贸kay 53,B贸kay 53,B贸kay 53,B贸kay 53,B贸kay 53,B贸kay 53,B贸kay 53,B贸kay 53,B贸kay 53,B贸kay 53,B贸kay 53,B贸kay 53,B贸kay 53,B贸kay 53,B贸kay 53,B贸kay 53,B贸kay 53,B贸kay 53,B贸kay 53,B贸kay 53,B贸kay 53,B贸kay 53,B贸kay 53,B贸kay 53,B贸kay 53,B贸kay 53,B贸kay 53,B贸kay 53,B贸kay 53,B贸kay 53,B贸kay 53,B贸kay 53,B贸kay 53,B贸kay 53,B贸kay 53,B贸kay 53,B贸kay 53,B贸kay 53,B贸kay 53,B贸kay 53,B贸kay 53,B贸kay 53,B贸kay 53,B贸kay 53,B贸kay 53,B贸kay 53,B贸kay 53,B贸kay 53,B贸kay 53,B贸kay 53,B贸kay 53,B贸kay 53,B贸kay 53
Budapest,Budapest,Budapest,Budapest,Budapest,Budapest,Budapest,Budapest,Budapest,Budapest,Budapest,Budapest,Budapest,Budapest,Budapest,Budapest,Budapest,Budapest,Budapest,Budapest,Budapest,Budapest,Budapest,Budapest,Budapest,Budapest,Budapest,Budapest,Budapest,Budapest,Budapest,Budapest,Budapest,Budapest,Budapest,Budapest,Budapest,Budapest,Budapest,Budapest,Budapest,Budapest,Budapest,Budapest,Budapest,Budapest,Budapest,Budapest,Budapest,Budapest,Budapest,Budapest,Budapest
H1083,H1083,H1083,H1083,H1083,H1083,H1083,H1083,H1083,H1083,H1083,H1083,H1083,H1083,H1083,H1083,H1083,H1083,H1083,H1083,H1083,H1083,H1083,H1083,H1083,H1083,H1083,H1083,H1083,H1083,H1083,H1083,H1083,H1083,H1083,H1083,H1083,H1083,H1083,H1083,H1083,H1083,H1083,H1083,H1083,H1083,H1083,H1083,H1083,H1083,H1083,H1083,H1083
Hungary,Hungary,Hungary,Hungary,Hungary,Hungary,Hungary,Hungary,Hungary,Hungary,Hungary,Hungary,Hungary,Hungary,Hungary,Hungary,Hungary,Hungary,Hungary,Hungary,Hungary,Hungary,Hungary,Hungary,Hungary,Hungary,Hungary,Hungary,Hungary,Hungary,Hungary,Hungary,Hungary,Hungary,Hungary,Hungary,Hungary,Hungary,Hungary,Hungary,Hungary,Hungary,Hungary,Hungary,Hungary,Hungary,Hungary,Hungary,Hungary,Hungary,Hungary,Hungary,Hungary
ftp://ftp.ncbi.nlm.nih.gov/geo/samples/GSM95nnn/GSM95473/suppl/GSM95473.CEL.gz,ftp://ftp.ncbi.nlm.nih.gov/geo/samples/GSM95nnn/GSM95474/suppl/GSM95474.CEL.gz,ftp://ftp.ncbi.nlm.nih.gov/geo/samples/GSM95nnn/GSM95475/suppl/GSM95475.CEL.gz,ftp://ftp.ncbi.nlm.nih.gov/geo/samples/GSM95nnn/GSM95476/suppl/GSM95476.CEL.gz,ftp://ftp.ncbi.nlm.nih.gov/geo/samples/GSM95nnn/GSM95477/suppl/GSM95477.CEL.gz,ftp://ftp.ncbi.nlm.nih.gov/geo/samples/GSM95nnn/GSM95478/suppl/GSM95478.CEL.gz,ftp://ftp.ncbi.nlm.nih.gov/geo/samples/GSM95nnn/GSM95479/suppl/GSM95479.CEL.gz,ftp://ftp.ncbi.nlm.nih.gov/geo/samples/GSM95nnn/GSM95480/suppl/GSM95480.CEL.gz,ftp://ftp.ncbi.nlm.nih.gov/geo/samples/GSM95nnn/GSM95481/suppl/GSM95481.CEL.gz,ftp://ftp.ncbi.nlm.nih.gov/geo/samples/GSM95nnn/GSM95482/suppl/GSM95482.CEL.gz,ftp://ftp.ncbi.nlm.nih.gov/geo/samples/GSM95nnn/GSM95483/suppl/GSM95483.CEL.gz,ftp://ftp.ncbi.nlm.nih.gov/geo/samples/GSM95nnn/GSM95484/suppl/GSM95484.CEL.gz,ftp://ftp.ncbi.nlm.nih.gov/geo/samples/GSM95nnn/GSM95485/suppl/GSM95485.CEL.gz,ftp://ftp.ncbi.nlm.nih.gov/geo/samples/GSM95nnn/GSM95486/suppl/GSM95486.CEL.gz,ftp://ftp.ncbi.nlm.nih.gov/geo/samples/GSM95nnn/GSM95487/suppl/GSM95487.CEL.gz,ftp://ftp.ncbi.nlm.nih.gov/geo/samples/GSM95nnn/GSM95488/suppl/GSM95488.CEL.gz,ftp://ftp.ncbi.nlm.nih.gov/geo/samples/GSM95nnn/GSM95489/suppl/GSM95489.CEL.gz,ftp://ftp.ncbi.nlm.nih.gov/geo/samples/GSM95nnn/GSM95490/suppl/GSM95490.CEL.gz,ftp://ftp.ncbi.nlm.nih.gov/geo/samples/GSM95nnn/GSM95491/suppl/GSM95491.CEL.gz,ftp://ftp.ncbi.nlm.nih.gov/geo/samples/GSM95nnn/GSM95492/suppl/GSM95492.CEL.gz,ftp://ftp.ncbi.nlm.nih.gov/geo/samples/GSM95nnn/GSM95493/suppl/GSM95493.CEL.gz,ftp://ftp.ncbi.nlm.nih.gov/geo/samples/GSM95nnn/GSM95494/suppl/GSM95494.CEL.gz,ftp://ftp.ncbi.nlm.nih.gov/geo/samples/GSM95nnn/GSM95495/suppl/GSM95495.CEL.gz,ftp://ftp.ncbi.nlm.nih.gov/geo/samples/GSM95nnn/GSM95496/suppl/GSM95496.CEL.gz,ftp://ftp.ncbi.nlm.nih.gov/geo/samples/GSM95nnn/GSM95497/suppl/GSM95497.CEL.gz,ftp://ftp.ncbi.nlm.nih.gov/geo/samples/GSM95nnn/GSM95498/suppl/GSM95498.CEL.gz,ftp://ftp.ncbi.nlm.nih.gov/geo/samples/GSM95nnn/GSM95499/suppl/GSM95499.CEL.gz,ftp://ftp.ncbi.nlm.nih.gov/geo/samples/GSM95nnn/GSM95500/suppl/GSM95500.CEL.gz,ftp://ftp.ncbi.nlm.nih.gov/geo/samples/GSM95nnn/GSM95501/suppl/GSM95501.CEL.gz,ftp://ftp.ncbi.nlm.nih.gov/geo/samples/GSM95nnn/GSM95502/suppl/GSM95502.CEL.gz,ftp://ftp.ncbi.nlm.nih.gov/geo/samples/GSM95nnn/GSM95503/suppl/GSM95503.CEL.gz,ftp://ftp.ncbi.nlm.nih.gov/geo/samples/GSM95nnn/GSM95504/suppl/GSM95504.CEL.gz,ftp://ftp.ncbi.nlm.nih.gov/geo/samples/GSM95nnn/GSM95505/suppl/GSM95505.CEL.gz,ftp://ftp.ncbi.nlm.nih.gov/geo/samples/GSM95nnn/GSM95506/suppl/GSM95506.CEL.gz,ftp://ftp.ncbi.nlm.nih.gov/geo/samples/GSM95nnn/GSM95507/suppl/GSM95507.CEL.gz,ftp://ftp.ncbi.nlm.nih.gov/geo/samples/GSM95nnn/GSM95508/suppl/GSM95508.CEL.gz,ftp://ftp.ncbi.nlm.nih.gov/geo/samples/GSM95nnn/GSM95509/suppl/GSM95509.CEL.gz,ftp://ftp.ncbi.nlm.nih.gov/geo/samples/GSM95nnn/GSM95510/suppl/GSM95510.CEL.gz,ftp://ftp.ncbi.nlm.nih.gov/geo/samples/GSM95nnn/GSM95511/suppl/GSM95511.CEL.gz,ftp://ftp.ncbi.nlm.nih.gov/geo/samples/GSM95nnn/GSM95512/suppl/GSM95512.CEL.gz,ftp://ftp.ncbi.nlm.nih.gov/geo/samples/GSM95nnn/GSM95513/suppl/GSM95513.CEL.gz,ftp://ftp.ncbi.nlm.nih.gov/geo/samples/GSM95nnn/GSM95514/suppl/GSM95514.CEL.gz,ftp://ftp.ncbi.nlm.nih.gov/geo/samples/GSM95nnn/GSM95515/suppl/GSM95515.CEL.gz,ftp://ftp.ncbi.nlm.nih.gov/geo/samples/GSM95nnn/GSM95516/suppl/GSM95516.CEL.gz,ftp://ftp.ncbi.nlm.nih.gov/geo/samples/GSM95nnn/GSM95517/suppl/GSM95517.CEL.gz,ftp://ftp.ncbi.nlm.nih.gov/geo/samples/GSM95nnn/GSM95518/suppl/GSM95518.CEL.gz,ftp://ftp.ncbi.nlm.nih.gov/geo/samples/GSM95nnn/GSM95519/suppl/GSM95519.CEL.gz,ftp://ftp.ncbi.nlm.nih.gov/geo/samples/GSM95nnn/GSM95520/suppl/GSM95520.CEL.gz,ftp://ftp.ncbi.nlm.nih.gov/geo/samples/GSM95nnn/GSM95521/suppl/GSM95521.CEL.gz,ftp://ftp.ncbi.nlm.nih.gov/geo/samples/GSM95nnn/GSM95522/suppl/GSM95522.CEL.gz,ftp://ftp.ncbi.nlm.nih.gov/geo/samples/GSM95nnn/GSM95523/suppl/GSM95523.CEL.gz,ftp://ftp.ncbi.nlm.nih.gov/geo/samples/GSM95nnn/GSM95524/suppl/GSM95524.CEL.gz,ftp://ftp.ncbi.nlm.nih.gov/geo/samples/GSM95nnn/GSM95525/suppl/GSM95525.CEL.gz
54675,54675,54675,54675,54675,54675,54675,54675,54675,54675,54675,54675,54675,54675,54675,54675,54675,54675,54675,54675,54675,54675,54675,54675,54675,54675,54675,54675,54675,54675,54675,54675,54675,54675,54675,54675,54675,54675,54675,54675,54675,54675,54675,54675,54675,54675,54675,54675,54675,54675,54675,54675,54675
Reanalyzed by: GSE39923,Reanalyzed by: GSE39923,Reanalyzed by: GSE39923,Reanalyzed by: GSE39923,Reanalyzed by: GSE39923,Reanalyzed by: GSE64985,Reanalyzed by: GSE39923,Reanalyzed by: GSE39923,Reanalyzed by: GSE64985,Reanalyzed by: GSE64985,Reanalyzed by: GSE64985,Reanalyzed by: GSE64985,Reanalyzed by: GSE64985,Reanalyzed by: GSE64985,Reanalyzed by: GSE64985,Reanalyzed by: GSE64985,Reanalyzed by: GSE64985,Reanalyzed by: GSE64985,Reanalyzed by: GSE64985,Reanalyzed by: GSE64985,Reanalyzed by: GSE64985,Reanalyzed by: GSE64985,Reanalyzed by: GSE64985,Reanalyzed by: GSE39923,Reanalyzed by: GSE39923,Reanalyzed by: GSE39923,Reanalyzed by: GSE39923,Reanalyzed by: GSE39923,Reanalyzed by: GSE39923,Reanalyzed by: GSE39923,Reanalyzed by: GSE39923,Reanalyzed by: GSE39923,Reanalyzed by: GSE39923,Reanalyzed by: GSE39923,Reanalyzed by: GSE39923,Reanalyzed by: GSE39923,Reanalyzed by: GSE39923,Reanalyzed by: GSE39923,Reanalyzed by: GSE64985,Reanalyzed by: GSE64985,Reanalyzed by: GSE64985,Reanalyzed by: GSE64985,Reanalyzed by: GSE64985,Reanalyzed by: GSE64985,Reanalyzed by: GSE64985,Reanalyzed by: GSE64985,Reanalyzed by: GSE64985,Reanalyzed by: GSE64985,Reanalyzed by: GSE64985,Reanalyzed by: GSE64985,Reanalyzed by: GSE64985,Reanalyzed by: GSE64985,Reanalyzed by: GSE64985
Reanalyzed by: GSE64985,Reanalyzed by: GSE64985,Reanalyzed by: GSE64985,Reanalyzed by: GSE64985,Reanalyzed by: GSE64985,Reanalyzed by: GSE119087,Reanalyzed by: GSE64985,Reanalyzed by: GSE64985,Reanalyzed by: GSE119087,Reanalyzed by: GSE119087,Reanalyzed by: GSE119087,Reanalyzed by: GSE119087,Reanalyzed by: GSE119087,Reanalyzed by: GSE119087,Reanalyzed by: GSE119087,Reanalyzed by: GSE119087,Reanalyzed by: GSE119087,Reanalyzed by: GSE119087,Reanalyzed by: GSE119087,Reanalyzed by: GSE119087,Reanalyzed by: GSE119087,Reanalyzed by: GSE119087,Reanalyzed by: GSE119087,Reanalyzed by: GSE64985,Reanalyzed by: GSE64985,Reanalyzed by: GSE64985,Reanalyzed by: GSE64985,Reanalyzed by: GSE64985,Reanalyzed by: GSE64985,Reanalyzed by: GSE64985,Reanalyzed by: GSE64985,Reanalyzed by: GSE64985,Reanalyzed by: GSE64985,Reanalyzed by: GSE64985,Reanalyzed by: GSE64985,Reanalyzed by: GSE64985,Reanalyzed by: GSE64985,Reanalyzed by: GSE64985,Reanalyzed by: GSE119087,Reanalyzed by: GSE119087,Reanalyzed by: GSE119087,Reanalyzed by: GSE119087,Reanalyzed by: GSE119087,Reanalyzed by: GSE119087,Reanalyzed by: GSE119087,Reanalyzed by: GSE119087,Reanalyzed by: GSE119087,Reanalyzed by: GSE119087,Reanalyzed by: GSE119087,Reanalyzed by: GSE119087,Reanalyzed by: GSE119087,Reanalyzed by: GSE119087,Reanalyzed by: GSE119087
